{"cameraMode":{"drawMode":0,"name":"Shaded","section":"Shading Mode"},"sceneLighting":true,"audioPlay":false,"sceneViewState":{"m_AlwaysRefresh":false,"showFog":true,"showSkybox":true,"showFlares":true,"showImageEffects":true,"showParticleSystems":true,"showVisualEffectGraphs":true,"m_FxEnabled":true},"in2DMode":false,"pivot":{"x":51.9311408996582,"y":1.0880659818649293,"z":55.970027923583987},"rotation":{"x":-0.00013514280726667494,"y":0.999541699886322,"z":-0.02999519556760788,"w":-0.004497794900089502},"size":6.474172115325928,"orthographic":true}